timestamp,location,selected_area_px,garbage_area_px,intersection_px,intersection_pct_zone,intersection_pct_garbage,fill_level_percent,threshold_percent
2026-05-29 23:41:16,Main Gate,0.0,0.0,0.0,44.0,0.0,44.0,80
2026-05-29 23:41:16,Hostel Block,0.0,0.0,0.0,77.5,0.0,77.5,80
2026-05-29 23:41:16,Cafeteria,0.0,0.0,0.0,55.0,0.0,55.0,80
2026-05-29 23:41:46,Main Gate,0.0,0.0,0.0,44.0,0.0,44.0,80
2026-05-29 23:41:46,Hostel Block,0.0,0.0,0.0,77.5,0.0,77.5,80
2026-05-29 23:41:46,Cafeteria,0.0,0.0,0.0,55.0,0.0,55.0,80
2026-05-29 23:42:16,Main Gate,0.0,0.0,0.0,53.33,0.0,53.33,80
2026-05-29 23:42:16,Hostel Block,0.0,0.0,0.0,77.5,0.0,77.5,80
2026-05-29 23:42:16,Cafeteria,0.0,0.0,0.0,55.0,0.0,55.0,80
2026-05-29 23:42:46,Main Gate,0.0,0.0,0.0,53.33,0.0,53.33,80
2026-05-29 23:42:46,Hostel Block,0.0,0.0,0.0,77.5,0.0,77.5,80
2026-05-29 23:42:46,Cafeteria,0.0,0.0,0.0,55.0,0.0,55.0,80
2026-05-29 23:43:16,Main Gate,0.0,0.0,0.0,60.0,0.0,60.0,80
2026-05-29 23:43:16,Hostel Block,0.0,0.0,0.0,77.5,0.0,77.5,80
2026-05-29 23:43:16,Cafeteria,0.0,0.0,0.0,55.0,0.0,55.0,80
2026-05-29 23:43:46,Main Gate,0.0,0.0,0.0,60.0,0.0,60.0,80
2026-05-29 23:43:46,Hostel Block,0.0,0.0,0.0,77.5,0.0,77.5,80
2026-05-29 23:43:46,Cafeteria,0.0,0.0,0.0,55.0,0.0,55.0,80
2026-05-29 23:44:16,Main Gate,0.0,0.0,0.0,61.34,0.0,61.34,80
2026-05-29 23:44:16,Hostel Block,0.0,0.0,0.0,77.5,0.0,77.5,80
2026-05-29 23:44:16,Cafeteria,0.0,0.0,0.0,55.0,0.0,55.0,80
2026-05-29 23:45:41,Main Gate,0.0,0.0,0.0,30.0,0.0,30.0,80
2026-05-29 23:45:41,Hostel Block,0.0,0.0,0.0,77.5,0.0,77.5,80
2026-05-29 23:45:41,Cafeteria,0.0,0.0,0.0,55.0,0.0,55.0,80
2026-05-29 23:46:11,Main Gate,0.0,0.0,0.0,30.0,0.0,30.0,80
2026-05-29 23:46:11,Hostel Block,0.0,0.0,0.0,77.5,0.0,77.5,80
2026-05-29 23:46:11,Cafeteria,0.0,0.0,0.0,55.0,0.0,55.0,80
2026-05-29 23:46:41,Main Gate,0.0,0.0,0.0,44.0,0.0,44.0,80
2026-05-29 23:46:41,Hostel Block,0.0,0.0,0.0,77.5,0.0,77.5,80
2026-05-29 23:46:41,Cafeteria,0.0,0.0,0.0,55.0,0.0,55.0,80
2026-05-29 23:47:11,Main Gate,0.0,0.0,0.0,53.33,0.0,53.33,80
2026-05-29 23:47:11,Hostel Block,0.0,0.0,0.0,77.5,0.0,77.5,80
2026-05-29 23:47:11,Cafeteria,0.0,0.0,0.0,55.0,0.0,55.0,80
2026-05-29 23:47:41,Main Gate,0.0,0.0,0.0,53.33,0.0,53.33,80
2026-05-29 23:47:41,Hostel Block,0.0,0.0,0.0,77.5,0.0,77.5,80
2026-05-29 23:47:41,Cafeteria,0.0,0.0,0.0,55.0,0.0,55.0,80
2026-05-29 23:48:11,Main Gate,0.0,0.0,0.0,52.86,0.0,52.86,80
2026-05-29 23:48:11,Hostel Block,0.0,0.0,0.0,77.5,0.0,77.5,80
2026-05-29 23:48:11,Cafeteria,0.0,0.0,0.0,55.0,0.0,55.0,80
2026-05-29 23:49:03,Main Gate,0.0,0.0,0.0,53.33,0.0,53.33,80
2026-05-29 23:49:03,Hostel Block,0.0,0.0,0.0,77.5,0.0,77.5,80
2026-05-29 23:49:03,Cafeteria,0.0,0.0,0.0,55.0,0.0,55.0,80
2026-05-29 23:49:33,Main Gate,0.0,0.0,0.0,53.33,0.0,53.33,80
2026-05-29 23:49:33,Hostel Block,0.0,0.0,0.0,77.5,0.0,77.5,80
2026-05-29 23:49:33,Cafeteria,0.0,0.0,0.0,55.0,0.0,55.0,80
2026-05-29 23:50:03,Main Gate,0.0,0.0,0.0,60.0,0.0,60.0,80
2026-05-29 23:50:03,Hostel Block,0.0,0.0,0.0,77.5,0.0,77.5,80
2026-05-29 23:50:03,Cafeteria,0.0,0.0,0.0,55.0,0.0,55.0,80
2026-05-29 23:50:33,Main Gate,0.0,0.0,0.0,60.0,0.0,60.0,80
2026-05-29 23:50:33,Hostel Block,0.0,0.0,0.0,77.5,0.0,77.5,80
2026-05-29 23:50:33,Cafeteria,0.0,0.0,0.0,55.0,0.0,55.0,80
2026-05-29 23:51:03,Main Gate,0.0,0.0,0.0,65.0,0.0,65.0,80
2026-05-29 23:51:03,Hostel Block,0.0,0.0,0.0,77.5,0.0,77.5,80
2026-05-29 23:51:03,Cafeteria,0.0,0.0,0.0,55.0,0.0,55.0,80
2026-05-29 23:51:33,Main Gate,0.0,0.0,0.0,65.0,0.0,65.0,80
2026-05-29 23:51:33,Hostel Block,0.0,0.0,0.0,77.5,0.0,77.5,80
2026-05-29 23:51:33,Cafeteria,0.0,0.0,0.0,55.0,0.0,55.0,80
2026-05-29 23:52:03,Main Gate,0.0,0.0,0.0,68.89,0.0,68.89,80
2026-05-29 23:52:03,Hostel Block,0.0,0.0,0.0,77.5,0.0,77.5,80
2026-05-29 23:52:03,Cafeteria,0.0,0.0,0.0,55.0,0.0,55.0,80
2026-05-29 23:52:33,Main Gate,0.0,0.0,0.0,68.89,0.0,68.89,80
2026-05-29 23:52:33,Hostel Block,0.0,0.0,0.0,77.5,0.0,77.5,80
2026-05-29 23:52:33,Cafeteria,0.0,0.0,0.0,55.0,0.0,55.0,80
2026-05-29 23:53:03,Main Gate,0.0,0.0,0.0,72.0,0.0,72.0,80
2026-05-29 23:53:03,Hostel Block,0.0,0.0,0.0,77.5,0.0,77.5,80
2026-05-29 23:53:03,Cafeteria,0.0,0.0,0.0,55.0,0.0,55.0,80
2026-05-29 23:53:33,Main Gate,0.0,0.0,0.0,72.0,0.0,72.0,80
2026-05-29 23:53:33,Hostel Block,0.0,0.0,0.0,77.5,0.0,77.5,80
2026-05-29 23:53:33,Cafeteria,0.0,0.0,0.0,55.0,0.0,55.0,80
2026-05-29 23:54:03,Main Gate,0.0,0.0,0.0,74.55,0.0,74.55,80
2026-05-29 23:54:03,Hostel Block,0.0,0.0,0.0,77.5,0.0,77.5,80
2026-05-29 23:54:03,Cafeteria,0.0,0.0,0.0,55.0,0.0,55.0,80
2026-05-29 23:54:33,Main Gate,0.0,0.0,0.0,74.55,0.0,74.55,80
2026-05-29 23:54:33,Hostel Block,0.0,0.0,0.0,77.5,0.0,77.5,80
2026-05-29 23:54:33,Cafeteria,0.0,0.0,0.0,55.0,0.0,55.0,80
2026-05-29 23:55:03,Main Gate,0.0,0.0,0.0,76.67,0.0,76.67,80
2026-05-29 23:55:03,Hostel Block,0.0,0.0,0.0,77.5,0.0,77.5,80
2026-05-29 23:55:03,Cafeteria,0.0,0.0,0.0,55.0,0.0,55.0,80
2026-05-29 23:56:30,Main Gate,0.0,0.0,0.0,76.67,0.0,76.67,80
2026-05-29 23:56:30,Hostel Block,0.0,0.0,0.0,77.5,0.0,77.5,80
2026-05-29 23:56:30,Cafeteria,0.0,0.0,0.0,55.0,0.0,55.0,80
2026-05-29 23:57:13,Main Gate,0.0,0.0,0.0,0.0,0.0,0.0,80
2026-05-29 23:57:13,Hostel Block,0.0,0.0,0.0,0.0,0.0,0.0,80
2026-05-29 23:57:13,Cafeteria,0.0,0.0,0.0,0.0,0.0,0.0,80
2026-05-29 23:57:43,Main Gate,0.0,0.0,0.0,0.0,0.0,0.0,80
2026-05-29 23:57:43,Hostel Block,0.0,0.0,0.0,0.0,0.0,0.0,80
2026-05-29 23:57:43,Cafeteria,0.0,0.0,0.0,0.0,0.0,0.0,80
2026-05-29 23:58:13,Main Gate,163885.0,430412.4,253215.2,100.0,58.83,100.0,80
2026-05-29 23:58:13,Hostel Block,0.0,0.0,0.0,0.0,0.0,0.0,80
2026-05-29 23:58:13,Cafeteria,0.0,0.0,0.0,0.0,0.0,0.0,80
2026-05-29 23:58:43,Main Gate,163885.0,164243.0,90984.1,55.52,55.4,55.52,80
2026-05-29 23:58:43,Hostel Block,0.0,0.0,0.0,0.0,0.0,0.0,80
2026-05-29 23:58:43,Cafeteria,0.0,0.0,0.0,0.0,0.0,0.0,80
2026-05-29 23:59:13,Main Gate,163885.0,245377.5,163885.0,100.0,66.79,100.0,80
2026-05-29 23:59:13,Hostel Block,0.0,0.0,0.0,0.0,0.0,0.0,80
2026-05-29 23:59:13,Cafeteria,0.0,0.0,0.0,0.0,0.0,0.0,80
2026-05-29 23:59:43,Main Gate,163885.0,180443.4,97032.4,59.21,53.77,59.21,80
2026-05-29 23:59:43,Hostel Block,0.0,0.0,0.0,0.0,0.0,0.0,80
2026-05-29 23:59:43,Cafeteria,0.0,0.0,0.0,0.0,0.0,0.0,80
2026-05-30 00:00:13,Main Gate,163885.0,108351.7,41036.8,25.04,37.87,25.04,80
2026-05-30 00:00:13,Hostel Block,0.0,0.0,0.0,0.0,0.0,0.0,80
2026-05-30 00:00:13,Cafeteria,0.0,0.0,0.0,0.0,0.0,0.0,80
2026-05-30 00:00:43,Main Gate,163885.0,175872.5,97933.3,59.76,55.68,59.76,80
2026-05-30 00:00:43,Hostel Block,0.0,0.0,0.0,0.0,0.0,0.0,80
2026-05-30 00:00:43,Cafeteria,0.0,0.0,0.0,0.0,0.0,0.0,80
2026-05-30 00:01:13,Main Gate,163885.0,151064.5,80676.0,49.23,53.4,49.23,80
2026-05-30 00:01:13,Hostel Block,0.0,0.0,0.0,0.0,0.0,0.0,80
2026-05-30 00:01:13,Cafeteria,0.0,0.0,0.0,0.0,0.0,0.0,80
2026-05-30 00:02:43,Main Gate,0.0,0.0,0.0,0.0,0.0,0.0,80
2026-05-30 00:02:43,Hostel Block,0.0,0.0,0.0,0.0,0.0,0.0,80
2026-05-30 00:02:43,Cafeteria,0.0,0.0,0.0,0.0,0.0,0.0,80
2026-05-30 00:03:13,Main Gate,0.0,0.0,0.0,0.0,0.0,0.0,80
2026-05-30 00:03:13,Hostel Block,0.0,0.0,0.0,0.0,0.0,0.0,80
2026-05-30 00:03:13,Cafeteria,0.0,0.0,0.0,0.0,0.0,0.0,80
2026-05-30 00:03:43,Main Gate,163885.0,335275.7,290064.4,100.0,86.52,100.0,80
2026-05-30 00:03:43,Hostel Block,0.0,0.0,0.0,0.0,0.0,0.0,80
2026-05-30 00:03:43,Cafeteria,0.0,0.0,0.0,0.0,0.0,0.0,80
2026-05-30 00:04:13,Main Gate,163885.0,377658.5,265879.2,100.0,70.4,100.0,80
2026-05-30 00:04:13,Hostel Block,0.0,0.0,0.0,0.0,0.0,0.0,80
2026-05-30 00:04:13,Cafeteria,0.0,0.0,0.0,0.0,0.0,0.0,80
2026-05-30 00:04:43,Main Gate,163885.0,638174.0,303860.6,100.0,47.61,100.0,80
2026-05-30 00:04:43,Hostel Block,0.0,0.0,0.0,0.0,0.0,0.0,80
2026-05-30 00:04:43,Cafeteria,0.0,0.0,0.0,0.0,0.0,0.0,80
2026-05-30 00:05:13,Main Gate,163885.0,177593.4,94594.1,57.72,53.26,57.72,80
2026-05-30 00:05:13,Hostel Block,0.0,0.0,0.0,0.0,0.0,0.0,80
2026-05-30 00:05:13,Cafeteria,0.0,0.0,0.0,0.0,0.0,0.0,80
2026-05-30 00:05:43,Main Gate,163885.0,116210.3,45109.3,27.52,38.82,27.52,80
2026-05-30 00:05:43,Hostel Block,140606.0,151325.8,126130.6,89.7,83.35,89.7,80
2026-05-30 00:05:43,Cafeteria,82125.0,120235.4,81756.2,99.55,68.0,99.55,80
2026-05-30 00:06:13,Main Gate,163885.0,192606.1,103641.5,63.24,53.81,63.24,80
2026-05-30 00:06:13,Hostel Block,140606.0,308505.6,230708.2,100.0,74.78,100.0,80
2026-05-30 00:06:13,Cafeteria,82125.0,136353.7,74032.0,90.15,54.29,90.15,80
2026-05-30 00:06:43,Main Gate,163885.0,160493.2,87423.3,53.34,54.47,53.34,80
2026-05-30 00:06:43,Hostel Block,140606.0,136176.4,118734.7,84.44,87.19,84.44,80
2026-05-30 00:06:43,Cafeteria,82125.0,138318.3,77478.2,94.34,56.01,94.34,80
2026-05-30 00:07:13,Main Gate,163885.0,352414.5,273723.5,100.0,77.67,100.0,80
2026-05-30 00:07:13,Hostel Block,140606.0,149019.4,110986.6,78.93,74.48,78.93,80
2026-05-30 00:07:13,Cafeteria,82125.0,134368.4,73646.0,89.68,54.81,89.68,80
2026-05-30 00:07:43,Main Gate,163885,146459.0,75331.7,45.97,51.44,45.97,80
2026-05-30 00:07:43,Hostel Block,140606,386259.8,260389.1,100.0,67.41,100.0,80
2026-05-30 00:07:43,Cafeteria,82125,130256.6,82125.0,100.0,63.05,100.0,80
2026-05-30 00:08:13,Main Gate,163885,191835.7,103131.5,62.93,53.76,62.93,80
2026-05-30 00:08:13,Hostel Block,140606,180354.4,93311.3,66.36,51.74,66.36,80
2026-05-30 00:08:13,Cafeteria,82125,139773.5,74500.7,90.72,53.3,90.72,80
2026-05-30 00:08:43,Main Gate,163885,142021.8,72936.1,44.5,51.36,44.5,80
2026-05-30 00:08:43,Hostel Block,140606,145271.1,123388.2,87.75,84.94,87.75,80
2026-05-30 00:08:43,Cafeteria,82125,114949.8,76171.6,92.75,66.27,92.75,80
2026-05-30 00:09:13,Main Gate,163885,335275.7,290064.4,100.0,86.52,100.0,80
2026-05-30 00:09:13,Hostel Block,140606,289054.5,220461.0,100.0,76.27,100.0,80
2026-05-30 00:09:13,Cafeteria,82125,142339.5,76998.0,93.76,54.09,93.76,80
2026-05-30 00:10:05,Main Gate,163885.0,335275.7,290064.4,100.0,86.52,100.0,80
2026-05-30 00:10:05,Hostel Block,140606.0,289054.5,220461.0,100.0,76.27,100.0,80
2026-05-30 00:10:05,Cafeteria,82125.0,142339.5,76998.0,93.76,54.09,93.76,80
2026-05-30 00:10:35,Main Gate,163885.0,335275.7,290064.4,100.0,86.52,100.0,80
2026-05-30 00:10:35,Hostel Block,140606.0,289054.5,220461.0,100.0,76.27,100.0,80
2026-05-30 00:10:35,Cafeteria,82125.0,142339.5,76998.0,93.76,54.09,93.76,80
2026-05-30 00:11:05,Main Gate,163885.0,335275.7,290064.4,100.0,86.52,100.0,80
2026-05-30 00:11:05,Hostel Block,140606.0,289054.5,220461.0,100.0,76.27,100.0,80
2026-05-30 00:11:05,Cafeteria,82125.0,142339.5,76998.0,93.76,54.09,93.76,80
2026-05-30 00:11:35,Main Gate,163885.0,335275.7,290064.4,100.0,86.52,100.0,80
2026-05-30 00:11:35,Hostel Block,140606.0,289054.5,220461.0,100.0,76.27,100.0,80
2026-05-30 00:11:35,Cafeteria,82125.0,142339.5,76998.0,93.76,54.09,93.76,80
2026-05-30 00:12:05,Main Gate,163885.0,335275.7,290064.4,100.0,86.52,100.0,80
2026-05-30 00:12:05,Hostel Block,140606.0,289054.5,220461.0,100.0,76.27,100.0,80
2026-05-30 00:12:05,Cafeteria,82125.0,142339.5,76998.0,93.76,54.09,93.76,80
2026-05-30 00:12:35,Main Gate,163885.0,335275.7,290064.4,100.0,86.52,100.0,80
2026-05-30 00:12:35,Hostel Block,140606.0,289054.5,220461.0,100.0,76.27,100.0,80
2026-05-30 00:12:35,Cafeteria,82125.0,142339.5,76998.0,93.76,54.09,93.76,80
2026-05-30 00:13:05,Main Gate,163885.0,335275.7,290064.4,100.0,86.52,100.0,80
2026-05-30 00:13:05,Hostel Block,140606.0,289054.5,220461.0,100.0,76.27,100.0,80
2026-05-30 00:13:05,Cafeteria,82125.0,142339.5,76998.0,93.76,54.09,93.76,80
2026-05-30 00:14:11,Main Gate,163885,167718.0,89053.7,54.34,53.1,54.34,80
2026-05-30 00:14:11,Hostel Block,140606,157055.2,100676.8,71.6,64.1,71.6,80
2026-05-30 00:14:11,Cafeteria,82125,197836.8,82125.0,100.0,41.51,100.0,80
2026-05-30 00:14:41,Main Gate,163885,165113.4,88105.6,53.76,53.36,53.76,80
2026-05-30 00:14:41,Hostel Block,140606,149146.0,109878.8,78.15,73.67,78.15,80
2026-05-30 00:14:41,Cafeteria,82125,198666.0,82125.0,100.0,41.34,100.0,80
2026-05-30 00:15:11,Main Gate,163885,169558.8,90464.4,55.2,53.35,55.2,80
2026-05-30 00:15:11,Hostel Block,140606,146468.2,107568.3,76.5,73.44,76.5,80
2026-05-30 00:15:11,Cafeteria,82125,198176.3,82125.0,100.0,41.44,100.0,80
2026-05-30 00:15:41,Main Gate,163885,291741.2,122828.3,74.95,42.1,74.95,80
2026-05-30 00:15:41,Hostel Block,140606,113320.4,78463.4,55.8,69.24,55.8,80
2026-05-30 00:15:41,Cafeteria,82125,198590.5,82125.0,100.0,41.35,100.0,80
2026-05-30 00:16:11,Main Gate,163885,195348.5,93561.1,57.09,47.89,57.09,80
2026-05-30 00:16:11,Hostel Block,140606,127373.4,93489.6,66.49,73.4,66.49,80
2026-05-30 00:16:11,Cafeteria,82125,198600.2,82125.0,100.0,41.35,100.0,80
2026-05-30 00:17:11,Main Gate,163885,139809.5,73603.4,44.91,52.65,44.91,80
2026-05-30 00:17:11,Hostel Block,140606,201194.2,99511.4,70.77,49.46,70.77,80
2026-05-30 00:17:11,Cafeteria,82125,192746.0,82125.0,100.0,42.61,100.0,80
2026-05-30 00:17:41,Main Gate,163885,167102.9,88986.0,54.3,53.25,54.3,80
2026-05-30 00:17:41,Hostel Block,140606,400668.6,204911.6,100.0,51.14,100.0,80
2026-05-30 00:17:41,Cafeteria,82125,198351.6,82125.0,100.0,41.4,100.0,80
2026-05-30 00:18:11,Main Gate,163885,166067.2,88607.0,54.07,53.36,54.07,80
2026-05-30 00:18:11,Hostel Block,140606,123409.0,90459.8,64.34,73.3,64.34,80
2026-05-30 00:18:11,Cafeteria,82125,151504.8,79471.0,96.77,52.45,96.77,80
2026-05-30 00:18:41,Main Gate,163885,131374.0,64053.2,39.08,48.76,39.08,80
2026-05-30 00:18:41,Hostel Block,140606,353244.2,225266.3,100.0,63.77,100.0,80
2026-05-30 00:18:41,Cafeteria,82125,196910.1,82125.0,100.0,41.71,100.0,80
2026-05-30 00:19:42,Main Gate,163885,141255.9,74873.8,45.69,53.01,45.69,80
2026-05-30 00:19:42,Hostel Block,140606,169308.4,109990.9,78.23,64.96,78.23,80
2026-05-30 00:19:42,Cafeteria,82125,184657.3,82125.0,100.0,44.47,100.0,80
2026-05-30 00:20:18,Main Gate,163885,147302.4,80645.4,49.21,54.75,49.21,80
2026-05-30 00:20:18,Hostel Block,140606,437011.6,216037.5,100.0,49.44,100.0,80
2026-05-30 00:20:18,Cafeteria,82125,198310.1,82125.0,100.0,41.41,100.0,80
2026-05-30 00:20:48,Main Gate,163885,167400.6,88908.6,54.25,53.11,54.25,80
2026-05-30 00:20:48,Hostel Block,140606,129430.7,94598.0,67.28,73.09,67.28,80
2026-05-30 00:20:48,Cafeteria,82125,198225.7,82125.0,100.0,41.43,100.0,80
2026-05-30 00:21:18,Main Gate,163885,147188.0,92604.2,56.51,62.92,56.51,80
2026-05-30 00:21:18,Hostel Block,140606,132135.6,96429.9,68.58,72.98,68.58,80
2026-05-30 00:21:18,Cafeteria,82125,198742.8,82125.0,100.0,41.32,100.0,80
2026-05-30 00:21:48,Main Gate,163885,112051.8,43778.2,26.71,39.07,26.71,80
2026-05-30 00:21:48,Hostel Block,140606,192496.7,124147.6,88.29,64.49,88.29,80
2026-05-30 00:21:48,Cafeteria,82125,198367.6,82125.0,100.0,41.4,100.0,80
2026-05-30 00:22:18,Main Gate,163885,167595.7,89036.6,54.33,53.13,54.33,80
2026-05-30 00:22:18,Hostel Block,140606,165571.8,90304.8,64.23,54.54,64.23,80
2026-05-30 00:22:18,Cafeteria,82125,197634.3,82125.0,100.0,41.55,100.0,80
2026-05-30 00:22:48,Main Gate,163885,397757.6,197669.2,100.0,49.7,100.0,80
2026-05-30 00:22:48,Hostel Block,140606,418076.4,195811.2,100.0,46.84,100.0,80
2026-05-30 00:22:48,Cafeteria,82125,198522.4,82125.0,100.0,41.37,100.0,80
2026-05-30 00:23:18,Main Gate,163885,168282.5,90573.6,55.27,53.82,55.27,80
2026-05-30 00:23:18,Hostel Block,140606,378187.4,185971.6,100.0,49.17,100.0,80
2026-05-30 00:23:18,Cafeteria,82125,197704.6,82125.0,100.0,41.54,100.0,80
2026-05-30 00:23:48,Main Gate,163885,132970.5,63752.6,38.9,47.94,38.9,80
2026-05-30 00:23:48,Hostel Block,140606,253735.6,182260.5,100.0,71.83,100.0,80
2026-05-30 00:23:48,Cafeteria,82125,197688.0,82125.0,100.0,41.54,100.0,80
2026-05-30 00:24:18,Main Gate,163885,114688.9,46356.1,28.29,40.42,28.29,80
2026-05-30 00:24:18,Hostel Block,140606,122135.5,91802.9,65.29,75.16,65.29,80
2026-05-30 00:24:18,Cafeteria,82125,197524.6,82125.0,100.0,41.58,100.0,80
2026-05-30 00:24:48,Main Gate,163885,124908.6,52614.4,32.1,42.12,32.1,80
2026-05-30 00:24:48,Hostel Block,140606,121085.3,90380.3,64.28,74.64,64.28,80
2026-05-30 00:24:48,Cafeteria,82125,198790.2,82125.0,100.0,41.31,100.0,80
2026-05-30 00:25:18,Main Gate,163885,124908.6,52614.4,32.1,42.12,32.1,80
2026-05-30 00:25:18,Hostel Block,140606,189705.6,115282.0,81.99,60.77,81.99,80
2026-05-30 00:25:18,Cafeteria,82125,195780.3,82125.0,100.0,41.95,100.0,80
2026-05-30 00:25:48,Main Gate,163885,167675.3,89040.0,54.33,53.1,54.33,80
2026-05-30 00:25:48,Hostel Block,140606,176728.4,109273.4,77.72,61.83,77.72,80
2026-05-30 00:25:48,Cafeteria,82125,182367.5,82125.0,100.0,45.03,100.0,80
2026-05-30 00:26:18,Main Gate,163885,171464.7,93783.5,57.23,54.7,57.23,80
2026-05-30 00:26:18,Hostel Block,140606,191758.2,117868.6,83.83,61.47,83.83,80
2026-05-30 00:26:18,Cafeteria,82125,198057.6,82125.0,100.0,41.47,100.0,80
2026-05-30 00:26:48,Main Gate,163885,310687.6,130253.1,79.48,41.92,79.48,80
2026-05-30 00:26:48,Hostel Block,140606,164447.1,93454.5,66.47,56.83,66.47,80
2026-05-30 00:26:48,Cafeteria,82125,152466.2,80097.8,97.53,52.53,97.53,80
2026-05-30 00:27:18,Main Gate,163885,134152.1,63080.4,38.49,47.02,38.49,80
2026-05-30 00:27:18,Hostel Block,140606,210723.1,106664.5,75.86,50.62,75.86,80
2026-05-30 00:27:18,Cafeteria,82125,197282.6,82125.0,100.0,41.63,100.0,80
2026-05-30 00:27:48,Main Gate,163885,129269.4,62253.9,37.99,48.16,37.99,80
2026-05-30 00:27:48,Hostel Block,140606,187715.2,97725.2,69.5,52.06,69.5,80
2026-05-30 00:27:48,Cafeteria,82125,198138.2,82125.0,100.0,41.45,100.0,80
2026-05-30 00:28:18,Main Gate,163885,115969.0,47828.7,29.18,41.24,29.18,80
2026-05-30 00:28:18,Hostel Block,140606,200343.9,95647.7,68.03,47.74,68.03,80
2026-05-30 00:28:18,Cafeteria,82125,194884.3,82125.0,100.0,42.14,100.0,80
2026-05-30 00:28:48,Main Gate,163885,141939.5,73881.4,45.08,52.05,45.08,80
2026-05-30 00:28:48,Hostel Block,140606,139725.2,100984.2,71.82,72.27,71.82,80
2026-05-30 00:28:48,Cafeteria,82125,198732.4,82125.0,100.0,41.32,100.0,80
2026-05-30 00:29:18,Main Gate,163885,140119.5,73382.6,44.78,52.37,44.78,80
2026-05-30 00:29:18,Hostel Block,140606,374760.5,181692.8,100.0,48.48,100.0,80
2026-05-30 00:29:18,Cafeteria,82125,195668.8,82125.0,100.0,41.97,100.0,80
2026-05-30 00:29:48,Main Gate,163885,167726.4,89060.6,54.34,53.1,54.34,80
2026-05-30 00:29:48,Hostel Block,140606,145843.2,107385.6,76.37,73.63,76.37,80
2026-05-30 00:29:48,Cafeteria,82125,198496.4,82125.0,100.0,41.37,100.0,80
2026-05-30 00:30:18,Main Gate,163885,163786.0,89537.7,54.63,54.67,54.63,80
2026-05-30 00:30:18,Hostel Block,140606,162578.1,117340.2,83.45,72.17,83.45,80
2026-05-30 00:30:18,Cafeteria,82125,198077.0,82125.0,100.0,41.46,100.0,80
2026-05-30 00:30:48,Main Gate,163885,169558.8,90464.4,55.2,53.35,55.2,80
2026-05-30 00:30:48,Hostel Block,140606,221354.1,155169.7,100.0,70.1,100.0,80
2026-05-30 00:30:48,Cafeteria,82125,131769.4,68037.5,82.85,51.63,82.85,80
2026-05-30 00:31:18,Main Gate,163885,132384.3,64040.9,39.08,48.37,39.08,80
2026-05-30 00:31:18,Hostel Block,140606,158655.0,108971.5,77.5,68.68,77.5,80
2026-05-30 00:31:18,Cafeteria,82125,198347.5,82125.0,100.0,41.4,100.0,80
2026-05-30 00:31:48,Main Gate,163885,133299.1,63751.5,38.9,47.83,38.9,80
2026-05-30 00:31:48,Hostel Block,140606,152285.0,111911.6,79.59,73.49,79.59,80
2026-05-30 00:31:48,Cafeteria,82125,197286.5,82125.0,100.0,41.63,100.0,80
2026-05-30 00:32:18,Main Gate,163885,116366.4,48260.4,29.45,41.47,29.45,80
2026-05-30 00:32:18,Hostel Block,140606,242973.5,171694.7,100.0,70.66,100.0,80
2026-05-30 00:32:18,Cafeteria,82125,266045.4,131065.0,100.0,49.26,100.0,80
2026-05-30 00:32:48,Main Gate,163885,133698.6,58101.4,35.45,43.46,35.45,80
2026-05-30 00:32:48,Hostel Block,140606,297956.8,205695.3,100.0,69.04,100.0,80
2026-05-30 00:32:48,Cafeteria,82125,197635.5,82125.0,100.0,41.55,100.0,80
2026-05-30 00:33:18,Main Gate,163885,82691.2,62422.8,38.09,75.49,38.09,80
2026-05-30 00:33:18,Hostel Block,140606,265032.0,176683.9,100.0,66.67,100.0,80
2026-05-30 00:33:18,Cafeteria,82125,198013.4,82125.0,100.0,41.47,100.0,80
2026-05-30 00:33:48,Main Gate,163885,103885.0,0.0,0.0,0.0,0.0,80
2026-05-30 00:33:48,Hostel Block,140606,163051.5,96709.0,68.78,59.31,68.78,80
2026-05-30 00:33:48,Cafeteria,82125,198817.4,82125.0,100.0,41.31,100.0,80
2026-05-30 00:34:18,Main Gate,163885,115969.0,47828.7,29.18,41.24,29.18,80
2026-05-30 00:34:18,Hostel Block,140606,145195.5,105972.0,75.37,72.99,75.37,80
2026-05-30 00:34:18,Cafeteria,82125,196658.4,82125.0,100.0,41.76,100.0,80
2026-05-30 00:34:48,Main Gate,163885,166603.9,88613.4,54.07,53.19,54.07,80
2026-05-30 00:34:48,Hostel Block,140606,224500.1,139463.9,99.19,62.12,99.19,80
2026-05-30 00:34:48,Cafeteria,82125,197997.1,82125.0,100.0,41.48,100.0,80
2026-05-30 00:35:18,Main Gate,163885,169621.2,90357.7,55.13,53.27,55.13,80
2026-05-30 00:35:18,Hostel Block,140606,219828.6,130964.6,93.14,59.58,93.14,80
2026-05-30 00:35:18,Cafeteria,82125,166380.2,82125.0,100.0,49.36,100.0,80
2026-05-30 00:35:48,Main Gate,163885,132384.3,64040.9,39.08,48.37,39.08,80
2026-05-30 00:35:48,Hostel Block,140606,150443.0,109488.8,77.87,72.78,77.87,80
2026-05-30 00:35:48,Cafeteria,82125,198374.1,82125.0,100.0,41.4,100.0,80
2026-05-30 00:36:18,Main Gate,163885,132837.4,66837.9,40.78,50.32,40.78,80
2026-05-30 00:36:18,Hostel Block,140606,152937.4,99587.5,70.83,65.12,70.83,80
2026-05-30 00:36:18,Cafeteria,82125,197856.1,82125.0,100.0,41.51,100.0,80
2026-05-30 00:36:48,Main Gate,163885,136341.3,70612.7,43.09,51.79,43.09,80
2026-05-30 00:36:48,Hostel Block,140606,295890.5,208144.7,100.0,70.35,100.0,80
2026-05-30 00:36:48,Cafeteria,82125,152466.2,80097.8,97.53,52.53,97.53,80
2026-05-30 00:37:18,Main Gate,163885,136341.3,70612.7,43.09,51.79,43.09,80
2026-05-30 00:37:18,Hostel Block,140606,191351.7,114218.6,81.23,59.69,81.23,80
2026-05-30 00:37:18,Cafeteria,82125,198434.5,82125.0,100.0,41.39,100.0,80
2026-05-30 00:37:48,Main Gate,163885,136837.2,70695.0,43.14,51.66,43.14,80
2026-05-30 00:37:48,Hostel Block,140606,165386.5,102545.5,72.93,62.0,72.93,80
2026-05-30 00:37:48,Cafeteria,82125,197405.9,82125.0,100.0,41.6,100.0,80
2026-05-30 00:38:18,Main Gate,163885,96912.9,59672.8,36.41,61.57,36.41,80
2026-05-30 00:38:18,Hostel Block,140606,144860.0,99123.9,70.5,68.43,70.5,80
2026-05-30 00:38:18,Cafeteria,82125,197989.4,82125.0,100.0,41.48,100.0,80
2026-05-30 00:38:48,Main Gate,163885,136959.5,71034.0,43.34,51.87,43.34,80
2026-05-30 00:38:48,Hostel Block,140606,442104.6,226352.0,100.0,51.2,100.0,80
2026-05-30 00:38:48,Cafeteria,82125,198581.6,82125.0,100.0,41.36,100.0,80
2026-05-30 00:39:18,Main Gate,163885,36782.2,21027.0,12.83,57.17,12.83,80
2026-05-30 00:39:18,Hostel Block,140606,190730.8,93285.7,66.35,48.91,66.35,80
2026-05-30 00:39:18,Cafeteria,82125,198367.6,82125.0,100.0,41.4,100.0,80
2026-05-30 00:39:48,Main Gate,163885,323204.5,163885.0,100.0,50.71,100.0,80
2026-05-30 00:39:48,Hostel Block,140606,160210.6,78386.0,55.75,48.93,55.75,80
2026-05-30 00:39:48,Cafeteria,82125,144834.3,75314.5,91.71,52.0,91.71,80
2026-05-30 00:40:18,Main Gate,163885,71158.1,4409.6,2.69,6.2,2.69,80
2026-05-30 00:40:18,Hostel Block,140606,187480.6,97107.3,69.06,51.8,69.06,80
2026-05-30 00:40:18,Cafeteria,82125,198300.7,82125.0,100.0,41.41,100.0,80
2026-05-30 00:40:48,Main Gate,163885,170397.0,90663.4,55.32,53.21,55.32,80
2026-05-30 00:40:48,Hostel Block,140606,199552.6,104487.5,74.31,52.36,74.31,80
2026-05-30 00:40:48,Cafeteria,82125,197222.2,82125.0,100.0,41.64,100.0,80
2026-05-30 00:41:18,Main Gate,163885,166839.9,89618.5,54.68,53.72,54.68,80
2026-05-30 00:41:18,Hostel Block,140606,180823.5,107746.3,76.63,59.59,76.63,80
2026-05-30 00:41:18,Cafeteria,82125,297592.4,143011.7,100.0,48.06,100.0,80
2026-05-30 00:41:48,Main Gate,163885,140266.2,74575.1,45.5,53.17,45.5,80
2026-05-30 00:41:48,Hostel Block,140606,303413.7,212799.3,100.0,70.14,100.0,80
2026-05-30 00:41:48,Cafeteria,82125,197981.7,82125.0,100.0,41.48,100.0,80
2026-05-30 00:42:18,Main Gate,163885,363138.7,186381.2,100.0,51.33,100.0,80
2026-05-30 00:42:18,Hostel Block,140606,204717.5,102846.4,73.15,50.24,73.15,80
2026-05-30 00:42:18,Cafeteria,82125,197222.2,82125.0,100.0,41.64,100.0,80
2026-05-30 00:42:48,Main Gate,163885,330367.0,204010.6,100.0,61.75,100.0,80
2026-05-30 00:42:48,Hostel Block,140606,174849.9,122165.1,86.88,69.87,86.88,80
2026-05-30 00:42:48,Cafeteria,82125,196318.7,82125.0,100.0,41.83,100.0,80
2026-05-30 00:43:18,Main Gate,163885,116398.4,48457.5,29.57,41.63,29.57,80
2026-05-30 00:43:18,Hostel Block,140606,95108.4,66320.4,47.17,69.73,47.17,80
2026-05-30 00:43:18,Cafeteria,82125,197948.3,82125.0,100.0,41.49,100.0,80
2026-05-30 00:43:48,Main Gate,163885,134984.6,63920.3,39.0,47.35,39.0,80
2026-05-30 00:43:48,Hostel Block,140606,214272.0,151594.5,100.0,70.75,100.0,80
2026-05-30 00:43:48,Cafeteria,82125,263895.3,131147.0,100.0,49.7,100.0,80
2026-05-30 00:44:18,Main Gate,163885,170397.0,90663.4,55.32,53.21,55.32,80
2026-05-30 00:44:18,Hostel Block,140606,154997.1,96717.7,68.79,62.4,68.79,80
2026-05-30 00:44:18,Cafeteria,82125,197837.2,82125.0,100.0,41.51,100.0,80
2026-05-30 00:44:48,Main Gate,163885,328037.5,212769.5,100.0,64.86,100.0,80
2026-05-30 00:44:48,Hostel Block,140606,194341.4,125505.2,89.26,64.58,89.26,80
2026-05-30 00:44:48,Cafeteria,82125,197199.6,82125.0,100.0,41.65,100.0,80
2026-05-30 00:45:18,Main Gate,163885,111771.2,43042.5,26.26,38.51,26.26,80
2026-05-30 00:45:18,Hostel Block,140606,201009.1,106345.6,75.63,52.91,75.63,80
2026-05-30 00:45:18,Cafeteria,82125,198556.6,82125.0,100.0,41.36,100.0,80
2026-05-30 00:45:48,Main Gate,163885,78567.7,70593.5,43.08,89.85,43.08,80
2026-05-30 00:45:48,Hostel Block,140606,200373.3,93429.3,66.45,46.63,66.45,80
2026-05-30 00:45:48,Cafeteria,82125,190054.1,82125.0,100.0,43.21,100.0,80
2026-05-30 00:46:18,Main Gate,163885,165523.2,88809.4,54.19,53.65,54.19,80
2026-05-30 00:46:18,Hostel Block,140606,174849.9,122165.1,86.88,69.87,86.88,80
2026-05-30 00:46:18,Cafeteria,82125,198341.0,82125.0,100.0,41.41,100.0,80
2026-05-30 00:46:48,Main Gate,163885,292121.2,129847.1,79.23,44.45,79.23,80
2026-05-30 00:46:48,Hostel Block,140606,213332.1,137581.7,97.85,64.49,97.85,80
2026-05-30 00:46:48,Cafeteria,82125,192746.0,82125.0,100.0,42.61,100.0,80
2026-05-30 00:47:18,Main Gate,163885,138163.9,72140.7,44.02,52.21,44.02,80
2026-05-30 00:47:18,Hostel Block,140606,192984.4,91677.4,65.2,47.51,65.2,80
2026-05-30 00:47:18,Cafeteria,82125,197918.2,82125.0,100.0,41.49,100.0,80
2026-05-30 00:47:48,Main Gate,163885,167608.6,88992.2,54.3,53.1,54.3,80
2026-05-30 00:47:48,Hostel Block,140606,264373.9,180743.2,100.0,68.37,100.0,80
2026-05-30 00:47:48,Cafeteria,82125,189233.3,82125.0,100.0,43.4,100.0,80
2026-05-30 00:48:18,Main Gate,163885,147188.0,92604.2,56.51,62.92,56.51,80
2026-05-30 00:48:18,Hostel Block,140606,172778.0,108631.0,77.26,62.87,77.26,80
2026-05-30 00:48:18,Cafeteria,82125,198315.2,82125.0,100.0,41.41,100.0,80
2026-05-30 00:48:48,Main Gate,163885,113798.3,45514.1,27.77,40.0,27.77,80
2026-05-30 00:48:48,Hostel Block,140606,176805.6,102995.9,73.25,58.25,73.25,80
2026-05-30 00:48:48,Cafeteria,82125,146155.2,76045.3,92.6,52.03,92.6,80
2026-05-30 00:49:18,Main Gate,163885,0.0,0.0,0.0,0.0,0.0,80
2026-05-30 00:49:18,Hostel Block,140606,164176.0,83011.6,59.04,50.56,59.04,80
2026-05-30 00:49:18,Cafeteria,82125,198300.7,82125.0,100.0,41.41,100.0,80
2026-05-30 00:49:48,Main Gate,163885,169791.6,90497.8,55.22,53.3,55.22,80
2026-05-30 00:49:48,Hostel Block,140606,145843.2,107385.6,76.37,73.63,76.37,80
2026-05-30 00:49:48,Cafeteria,82125,153053.6,80421.0,97.93,52.54,97.93,80
2026-05-30 00:50:18,Main Gate,163885,363138.7,186381.2,100.0,51.33,100.0,80
2026-05-30 00:50:18,Hostel Block,140606,295890.5,208144.7,100.0,70.35,100.0,80
2026-05-30 00:50:18,Cafeteria,82125,196707.7,82125.0,100.0,41.75,100.0,80
2026-05-30 00:50:48,Main Gate,163885,141925.2,75394.8,46.0,53.12,46.0,80
2026-05-30 00:50:48,Hostel Block,140606,158580.3,90596.2,64.43,57.13,64.43,80
2026-05-30 00:50:48,Cafeteria,82125,198494.4,82125.0,100.0,41.37,100.0,80
2026-05-30 00:51:18,Main Gate,163885,167718.0,89053.7,54.34,53.1,54.34,80
2026-05-30 00:51:18,Hostel Block,140606,208622.4,101325.7,72.06,48.57,72.06,80
2026-05-30 00:51:18,Cafeteria,82125,197199.6,82125.0,100.0,41.65,100.0,80
2026-05-30 00:51:48,Main Gate,163885,137784.7,88150.5,53.79,63.98,53.79,80
2026-05-30 00:51:48,Hostel Block,140606,236868.4,172988.5,100.0,73.03,100.0,80
2026-05-30 00:51:48,Cafeteria,82125,198379.2,82125.0,100.0,41.4,100.0,80
2026-05-30 00:52:18,Main Gate,163885,115969.0,47828.7,29.18,41.24,29.18,80
2026-05-30 00:52:18,Hostel Block,140606,277998.8,188691.8,100.0,67.88,100.0,80
2026-05-30 00:52:18,Cafeteria,82125,195307.2,82125.0,100.0,42.05,100.0,80
2026-05-30 00:52:48,Main Gate,163885,0.0,0.0,0.0,0.0,0.0,80
2026-05-30 00:52:48,Hostel Block,140606,201346.8,114388.6,81.35,56.81,81.35,80
2026-05-30 00:52:48,Cafeteria,82125,198524.5,82125.0,100.0,41.37,100.0,80
2026-05-30 00:53:18,Main Gate,163885,132384.3,64040.9,39.08,48.37,39.08,80
2026-05-30 00:53:18,Hostel Block,140606,212563.5,106865.2,76.0,50.27,76.0,80
2026-05-30 00:53:18,Cafeteria,82125,196663.6,82125.0,100.0,41.76,100.0,80
2026-05-30 00:53:49,Main Gate,163885,138451.0,72763.3,44.4,52.56,44.4,80
2026-05-30 00:53:49,Hostel Block,140606,129430.7,94598.0,67.28,73.09,67.28,80
2026-05-30 00:53:49,Cafeteria,82125,198465.9,82125.0,100.0,41.38,100.0,80
2026-05-30 00:54:19,Main Gate,163885,167748.1,89107.9,54.37,53.12,54.37,80
2026-05-30 00:54:19,Hostel Block,140606,124109.4,93608.2,66.57,75.42,66.57,80
2026-05-30 00:54:19,Cafeteria,82125,195095.7,82125.0,100.0,42.09,100.0,80
2026-05-30 00:54:49,Main Gate,163885,124571.7,95353.7,58.18,76.55,58.18,80
2026-05-30 00:54:49,Hostel Block,140606,174357.3,107572.8,76.51,61.7,76.51,80
2026-05-30 00:54:49,Cafeteria,82125,198581.6,82125.0,100.0,41.36,100.0,80
2026-05-30 00:55:19,Main Gate,163885,108417.7,40980.1,25.01,37.8,25.01,80
2026-05-30 00:55:19,Hostel Block,140606,120286.8,88174.4,62.71,73.3,62.71,80
2026-05-30 00:55:19,Cafeteria,82125,190054.1,82125.0,100.0,43.21,100.0,80
2026-05-30 00:55:49,Main Gate,163885,77180.9,67630.2,41.27,87.63,41.27,80
2026-05-30 00:55:49,Hostel Block,140606,152999.7,111655.3,79.41,72.98,79.41,80
2026-05-30 00:55:49,Cafeteria,82125,198341.0,82125.0,100.0,41.41,100.0,80
2026-05-30 00:56:19,Main Gate,163885,166696.6,89003.0,54.31,53.39,54.31,80
2026-05-30 00:56:19,Hostel Block,140606,191758.2,117868.6,83.83,61.47,83.83,80
2026-05-30 00:56:19,Cafeteria,82125,194976.5,82125.0,100.0,42.12,100.0,80
2026-05-30 00:56:49,Main Gate,163885,132384.3,64040.9,39.08,48.37,39.08,80
2026-05-30 00:56:49,Hostel Block,140606,218448.8,116833.3,83.09,53.48,83.09,80
2026-05-30 00:56:49,Cafeteria,82125,198488.4,82125.0,100.0,41.38,100.0,80
2026-05-30 00:57:19,Main Gate,163885,110397.7,42668.1,26.04,38.65,26.04,80
2026-05-30 00:57:19,Hostel Block,140606,405384.9,209137.6,100.0,51.59,100.0,80
2026-05-30 00:57:19,Cafeteria,82125,197856.1,82125.0,100.0,41.51,100.0,80
2026-05-30 00:57:49,Main Gate,163885,138163.9,72140.7,44.02,52.21,44.02,80
2026-05-30 00:57:49,Hostel Block,140606,217734.9,102721.2,73.06,47.18,73.06,80
2026-05-30 00:57:49,Cafeteria,82125,197972.3,82125.0,100.0,41.48,100.0,80
2026-05-30 00:58:19,Main Gate,163885,167643.4,89025.1,54.32,53.1,54.32,80
2026-05-30 00:58:19,Hostel Block,140606,221354.1,155169.7,100.0,70.1,100.0,80
2026-05-30 00:58:19,Cafeteria,82125,197142.0,82125.0,100.0,41.66,100.0,80
2026-05-30 00:58:49,Main Gate,163885,141811.0,90411.6,55.17,63.76,55.17,80
2026-05-30 00:58:49,Hostel Block,140606,221354.1,155169.7,100.0,70.1,100.0,80
2026-05-30 00:58:49,Cafeteria,82125,198742.8,82125.0,100.0,41.32,100.0,80
2026-05-30 01:03:49,Main Gate,163885,165423.8,88114.4,53.77,53.27,53.77,80
2026-05-30 01:03:49,Hostel Block,140606,262682.3,178166.8,100.0,67.83,100.0,80
2026-05-30 01:03:49,Cafeteria,82125,197605.8,82125.0,100.0,41.56,100.0,80
2026-05-30 01:42:18,Main Gate,163885,151066.7,93935.4,57.32,62.18,57.32,80
2026-05-30 01:42:18,Hostel Block,140606,262682.3,178166.8,100.0,67.83,100.0,80
2026-05-30 01:42:18,Cafeteria,82125,197605.8,82125.0,100.0,41.56,100.0,80
2026-05-30 02:35:34,Main Gate,163885,151066.7,93935.4,57.32,62.18,57.32,80
2026-05-30 02:35:34,Hostel Block,140606,148073.7,106887.1,76.02,72.19,76.02,80
2026-05-30 02:35:34,Cafeteria,82125,197605.8,82125.0,100.0,41.56,100.0,80
2026-05-30 02:36:05,Main Gate,163885,131725.8,108347.9,66.11,82.25,66.11,80
2026-05-30 02:36:05,Hostel Block,140606,210723.1,106664.5,75.86,50.62,75.86,80
2026-05-30 02:36:05,Cafeteria,82125,197976.8,82125.0,100.0,41.48,100.0,80
2026-05-30 09:32:14,Main Gate,163885,145126.1,78442.8,47.86,54.05,47.86,80
2026-05-30 09:32:14,Hostel Block,140606,159276.0,110563.5,78.63,69.42,78.63,80
2026-05-30 09:32:14,Cafeteria,82125,198367.6,82125.0,100.0,41.4,100.0,80
2026-05-30 09:32:45,Main Gate,163885,137784.7,88150.5,53.79,63.98,53.79,80
2026-05-30 09:32:45,Hostel Block,140606,158157.2,88208.8,62.73,55.77,62.73,80
2026-05-30 09:32:45,Cafeteria,82125,198190.0,82125.0,100.0,41.44,100.0,80
2026-05-30 09:33:15,Main Gate,163885,167258.9,88886.5,54.24,53.14,54.24,80
2026-05-30 09:33:15,Hostel Block,140606,191155.5,116074.5,82.55,60.72,82.55,80
2026-05-30 09:33:15,Cafeteria,82125,198581.6,82125.0,100.0,41.36,100.0,80
2026-05-30 09:33:45,Main Gate,163885,137094.9,71707.8,43.75,52.31,43.75,80
2026-05-30 09:33:45,Hostel Block,140606,182971.8,90097.3,64.08,49.24,64.08,80
2026-05-30 09:33:45,Cafeteria,82125,185179.7,100482.2,100.0,54.26,100.0,80
2026-05-30 09:34:49,Main Gate,163885,139417.2,72923.5,44.5,52.31,44.5,80
2026-05-30 09:34:49,Hostel Block,140606,174032.6,112434.7,79.96,64.61,79.96,80
2026-05-30 09:34:49,Cafeteria,82125,191946.6,82125.0,100.0,42.79,100.0,80
2026-05-30 09:35:19,Main Gate,163885,165118.6,87830.0,53.59,53.19,53.59,80
2026-05-30 09:35:19,Hostel Block,140606,186525.0,96662.4,68.75,51.82,68.75,80
2026-05-30 09:35:19,Cafeteria,82125,198315.2,82125.0,100.0,41.41,100.0,80
2026-05-30 09:35:49,Main Gate,163885,290963.0,140540.6,85.76,48.3,85.76,80
2026-05-30 09:35:49,Hostel Block,140606,144680.4,107711.7,76.61,74.45,76.61,80
2026-05-30 09:35:49,Cafeteria,82125,152466.2,80097.8,97.53,52.53,97.53,80
2026-05-30 09:36:19,Main Gate,163885,149688.6,84097.1,51.31,56.18,51.31,80
2026-05-30 09:36:19,Hostel Block,140606,109698.6,79148.2,56.29,72.15,56.29,80
2026-05-30 09:36:19,Cafeteria,82125,198403.2,82125.0,100.0,41.39,100.0,80
2026-05-30 09:36:49,Main Gate,163885,175432.5,93726.0,57.19,53.43,57.19,80
2026-05-30 09:36:49,Hostel Block,140606,170872.3,102982.5,73.24,60.27,73.24,80
2026-05-30 09:36:49,Cafeteria,82125,150520.1,78668.1,95.79,52.26,95.79,80
2026-05-30 09:37:19,Main Gate,163885,107974.7,71032.1,43.34,65.79,43.34,80
2026-05-30 09:37:19,Hostel Block,140606,148520.4,75608.6,53.77,50.91,53.77,80
2026-05-30 09:37:19,Cafeteria,82125,198139.2,82125.0,100.0,41.45,100.0,80
2026-05-30 09:37:49,Main Gate,163885,112051.8,43778.2,26.71,39.07,26.71,80
2026-05-30 09:37:49,Hostel Block,140606,165802.0,112467.7,79.99,67.83,79.99,80
2026-05-30 09:37:49,Cafeteria,82125,131761.9,66389.5,80.84,50.39,80.84,80
2026-05-30 09:38:19,Main Gate,163885,134822.6,93572.1,57.1,69.4,57.1,80
2026-05-30 09:38:19,Hostel Block,140606,150443.0,109488.8,77.87,72.78,77.87,80
2026-05-30 09:38:19,Cafeteria,82125,197851.4,82125.0,100.0,41.51,100.0,80
2026-05-30 09:38:49,Main Gate,163885,169790.0,90542.1,55.25,53.33,55.25,80
2026-05-30 09:38:49,Hostel Block,140606,163051.5,96709.0,68.78,59.31,68.78,80
2026-05-30 09:38:49,Cafeteria,82125,113795.0,55741.4,67.87,48.98,67.87,80
2026-05-30 09:39:19,Main Gate,163885,167405.3,88906.5,54.25,53.11,54.25,80
2026-05-30 09:39:19,Hostel Block,140606,174032.6,112434.7,79.96,64.61,79.96,80
2026-05-30 09:39:19,Cafeteria,82125,198578.0,82125.0,100.0,41.36,100.0,80
2026-05-30 09:39:49,Main Gate,163885,171076.8,91052.1,55.56,53.22,55.56,80
2026-05-30 09:39:49,Hostel Block,140606,126767.3,95009.2,67.57,74.95,67.57,80
2026-05-30 09:39:49,Cafeteria,82125,198004.7,82125.0,100.0,41.48,100.0,80
2026-05-30 09:40:19,Main Gate,163885,119689.3,51531.8,31.44,43.05,31.44,80
2026-05-30 09:40:19,Hostel Block,140606,136455.9,100164.2,71.24,73.4,71.24,80
2026-05-30 09:40:19,Cafeteria,82125,197297.6,82125.0,100.0,41.62,100.0,80
2026-05-30 09:40:49,Main Gate,163885,175432.5,93726.0,57.19,53.43,57.19,80
2026-05-30 09:40:49,Hostel Block,140606,112008.6,80176.4,57.02,71.58,57.02,80
2026-05-30 09:40:49,Cafeteria,82125,198235.9,82125.0,100.0,41.43,100.0,80
2026-05-30 09:41:19,Main Gate,163885,167748.1,89107.9,54.37,53.12,54.37,80
2026-05-30 09:41:19,Hostel Block,140606,205947.0,110401.3,78.52,53.61,78.52,80
2026-05-30 09:41:19,Cafeteria,82125,198350.0,82125.0,100.0,41.4,100.0,80
2026-05-30 09:41:49,Main Gate,163885,139371.7,67149.7,40.97,48.18,40.97,80
2026-05-30 09:41:49,Hostel Block,140606,186525.0,96662.4,68.75,51.82,68.75,80
2026-05-30 09:41:49,Cafeteria,82125,198439.4,82125.0,100.0,41.39,100.0,80
2026-05-30 09:42:19,Main Gate,163885,111771.2,43042.5,26.26,38.51,26.26,80
2026-05-30 09:42:19,Hostel Block,140606,138647.0,101174.2,71.96,72.97,71.96,80
2026-05-30 09:42:19,Cafeteria,82125,198244.4,82125.0,100.0,41.43,100.0,80
2026-05-30 09:42:49,Main Gate,163885,207269.2,148086.2,90.36,71.45,90.36,80
2026-05-30 09:42:49,Hostel Block,140606,116175.8,83849.4,59.63,72.17,59.63,80
2026-05-30 09:42:49,Cafeteria,82125,198275.3,82125.0,100.0,41.42,100.0,80
2026-05-30 09:43:19,Main Gate,163885,169705.3,91280.7,55.7,53.79,55.7,80
2026-05-30 09:43:19,Hostel Block,140606,177226.4,109589.6,77.94,61.84,77.94,80
2026-05-30 09:43:19,Cafeteria,82125,198235.5,82125.0,100.0,41.43,100.0,80
2026-05-30 09:43:49,Main Gate,163885,133950.8,62905.1,38.38,46.96,38.38,80
2026-05-30 09:43:49,Hostel Block,140606,207567.8,102680.2,73.03,49.47,73.03,80
2026-05-30 09:43:49,Cafeteria,82125,166380.2,82125.0,100.0,49.36,100.0,80
2026-05-30 09:44:19,Main Gate,163885,140431.3,73671.5,44.95,52.46,44.95,80
2026-05-30 09:44:19,Hostel Block,140606,137991.9,100631.0,71.57,72.93,71.57,80
2026-05-30 09:44:19,Cafeteria,82125,197022.1,82125.0,100.0,41.68,100.0,80
2026-05-30 09:44:49,Main Gate,163885,165423.8,88114.4,53.77,53.27,53.77,80
2026-05-30 09:44:49,Hostel Block,140606,116175.8,83849.4,59.63,72.17,59.63,80
2026-05-30 09:44:49,Cafeteria,82125,198376.5,82125.0,100.0,41.4,100.0,80
2026-05-30 09:45:19,Main Gate,163885,133299.1,63751.5,38.9,47.83,38.9,80
2026-05-30 09:45:19,Hostel Block,140606,182236.8,108540.9,77.2,59.56,77.2,80
2026-05-30 09:45:19,Cafeteria,82125,195502.7,82125.0,100.0,42.01,100.0,80
2026-05-30 09:45:49,Main Gate,163885,139435.1,73800.8,45.03,52.93,45.03,80
2026-05-30 09:45:49,Hostel Block,140606,160210.6,78386.0,55.75,48.93,55.75,80
2026-05-30 09:45:49,Cafeteria,82125,198470.9,82125.0,100.0,41.38,100.0,80
2026-05-30 09:46:19,Main Gate,163885,175432.5,93726.0,57.19,53.43,57.19,80
2026-05-30 09:46:19,Hostel Block,140606,165802.0,112467.7,79.99,67.83,79.99,80
2026-05-30 09:46:19,Cafeteria,82125,195286.1,82125.0,100.0,42.05,100.0,80
2026-05-30 09:46:49,Main Gate,163885,397757.6,197669.2,100.0,49.7,100.0,80
2026-05-30 09:46:49,Hostel Block,140606,152285.0,111911.6,79.59,73.49,79.59,80
2026-05-30 09:46:49,Cafeteria,82125,198590.5,82125.0,100.0,41.35,100.0,80
2026-05-30 09:47:19,Main Gate,163885,141939.5,73881.4,45.08,52.05,45.08,80
2026-05-30 09:47:19,Hostel Block,140606,194102.0,119751.3,85.17,61.7,85.17,80
2026-05-30 09:47:19,Cafeteria,82125,196173.0,82125.0,100.0,41.86,100.0,80
2026-05-30 09:47:49,Main Gate,163885,165616.8,88222.5,53.83,53.27,53.83,80
2026-05-30 09:47:49,Hostel Block,140606,216678.1,111668.8,79.42,51.54,79.42,80
2026-05-30 09:47:49,Cafeteria,82125,198628.8,82125.0,100.0,41.35,100.0,80
2026-05-30 09:48:19,Main Gate,163885,134984.6,63920.3,39.0,47.35,39.0,80
2026-05-30 09:48:19,Hostel Block,140606,139725.2,100984.2,71.82,72.27,71.82,80
2026-05-30 09:48:19,Cafeteria,82125,194976.5,82125.0,100.0,42.12,100.0,80
2026-05-30 09:48:49,Main Gate,163885,141292.2,75790.3,46.25,53.64,46.25,80
2026-05-30 09:48:49,Hostel Block,140606,165381.7,111437.7,79.26,67.38,79.26,80
2026-05-30 09:48:49,Cafeteria,82125,198351.6,82125.0,100.0,41.4,100.0,80
2026-05-30 09:49:19,Main Gate,163885,147302.4,80645.4,49.21,54.75,49.21,80
2026-05-30 09:49:19,Hostel Block,140606,183031.2,113530.4,80.74,62.03,80.74,80
2026-05-30 09:49:19,Cafeteria,82125,150323.8,78806.2,95.96,52.42,95.96,80
2026-05-30 09:49:49,Main Gate,163885,165918.4,88292.1,53.87,53.21,53.87,80
2026-05-30 09:49:49,Hostel Block,140606,212563.5,106865.2,76.0,50.27,76.0,80
2026-05-30 09:49:49,Cafeteria,82125,196841.8,82125.0,100.0,41.72,100.0,80
2026-05-30 09:50:19,Main Gate,163885,130951.5,62800.1,38.32,47.96,38.32,80
2026-05-30 09:50:19,Hostel Block,140606,136757.5,101352.8,72.08,74.11,72.08,80
2026-05-30 09:50:19,Cafeteria,82125,198244.4,82125.0,100.0,41.43,100.0,80
2026-05-30 09:50:49,Main Gate,163885,138257.9,72764.0,44.4,52.63,44.4,80
2026-05-30 09:50:49,Hostel Block,140606,130441.9,98322.9,69.93,75.38,69.93,80
2026-05-30 09:50:49,Cafeteria,82125,197925.3,82125.0,100.0,41.49,100.0,80
2026-05-30 09:51:19,Main Gate,163885,167786.3,89136.2,54.39,53.12,54.39,80
2026-05-30 09:51:19,Hostel Block,140606,194102.0,119751.3,85.17,61.7,85.17,80
2026-05-30 09:51:19,Cafeteria,82125,197564.6,82125.0,100.0,41.57,100.0,80
2026-05-30 09:51:49,Main Gate,163885,171464.7,93783.5,57.23,54.7,57.23,80
2026-05-30 09:51:49,Hostel Block,140606,398010.9,210293.6,100.0,52.84,100.0,80
2026-05-30 09:51:49,Cafeteria,82125,198424.7,82125.0,100.0,41.39,100.0,80
2026-05-30 09:52:19,Main Gate,163885,110318.9,42247.9,25.78,38.3,25.78,80
2026-05-30 09:52:19,Hostel Block,140606,461375.5,224102.7,100.0,48.57,100.0,80
2026-05-30 09:52:19,Cafeteria,82125,197575.2,82125.0,100.0,41.57,100.0,80
2026-05-30 09:52:49,Main Gate,163885,77180.9,67630.2,41.27,87.63,41.27,80
2026-05-30 09:52:49,Hostel Block,140606,96515.3,65798.1,46.8,68.17,46.8,80
2026-05-30 09:52:49,Cafeteria,82125,197688.0,82125.0,100.0,41.54,100.0,80
2026-05-30 09:53:19,Main Gate,163885,169598.1,90429.5,55.18,53.32,55.18,80
2026-05-30 09:53:19,Hostel Block,140606,154753.5,95701.7,68.06,61.84,68.06,80
2026-05-30 09:53:19,Cafeteria,82125,197353.7,82125.0,100.0,41.61,100.0,80
2026-05-30 09:53:49,Main Gate,163885,292121.2,129847.1,79.23,44.45,79.23,80
2026-05-30 09:53:49,Hostel Block,140606,187715.2,97725.2,69.5,52.06,69.5,80
2026-05-30 09:53:49,Cafeteria,82125,198632.4,82125.0,100.0,41.35,100.0,80
2026-05-30 09:54:19,Main Gate,163885,134147.3,68651.7,41.89,51.18,41.89,80
2026-05-30 09:54:19,Hostel Block,140606,186272.9,91041.3,64.75,48.88,64.75,80
2026-05-30 09:54:19,Cafeteria,82125,197159.2,82125.0,100.0,41.65,100.0,80
2026-05-30 09:54:49,Main Gate,163885,167390.8,88905.4,54.25,53.11,54.25,80
2026-05-30 09:54:49,Hostel Block,140606,242973.5,171694.7,100.0,70.66,100.0,80
2026-05-30 09:54:49,Cafeteria,82125,198274.3,82125.0,100.0,41.42,100.0,80
2026-05-30 09:55:19,Main Gate,163885,140878.0,84505.6,51.56,59.98,51.56,80
2026-05-30 09:55:19,Hostel Block,140606,152937.4,99587.5,70.83,65.12,70.83,80
2026-05-30 09:55:19,Cafeteria,82125,198034.5,82125.0,100.0,41.47,100.0,80
2026-05-30 09:55:49,Main Gate,163885,136705.6,70925.5,43.28,51.88,43.28,80
2026-05-30 09:55:49,Hostel Block,140606,149875.0,77519.6,55.13,51.72,55.13,80
2026-05-30 09:55:49,Cafeteria,82125,198138.2,82125.0,100.0,41.45,100.0,80
2026-05-30 09:56:19,Main Gate,163885,173943.5,93115.5,56.82,53.53,56.82,80
2026-05-30 09:56:19,Hostel Block,140606,179072.6,83454.7,59.35,46.6,59.35,80
2026-05-30 09:56:19,Cafeteria,82125,198235.9,82125.0,100.0,41.43,100.0,80
2026-05-30 09:56:49,Main Gate,163885,418082.2,238331.6,100.0,57.01,100.0,80
2026-05-30 09:56:49,Hostel Block,140606,165381.7,111437.7,79.26,67.38,79.26,80
2026-05-30 09:56:49,Cafeteria,82125,198203.0,82125.0,100.0,41.43,100.0,80
2026-05-30 09:57:19,Main Gate,163885,149980.5,82415.6,50.29,54.95,50.29,80
2026-05-30 09:57:19,Hostel Block,140606,202160.1,126724.6,90.13,62.69,90.13,80
2026-05-30 09:57:19,Cafeteria,82125,197634.3,82125.0,100.0,41.55,100.0,80
2026-05-30 09:57:49,Main Gate,163885,166719.0,88876.0,54.23,53.31,54.23,80
2026-05-30 09:57:49,Hostel Block,140606,398010.9,210293.6,100.0,52.84,100.0,80
2026-05-30 09:57:49,Cafeteria,82125,198471.1,82125.0,100.0,41.38,100.0,80
2026-05-30 09:58:19,Main Gate,163885,140432.8,68175.8,41.6,48.55,41.6,80
2026-05-30 09:58:19,Hostel Block,140606,129292.7,94901.2,67.49,73.4,67.49,80
2026-05-30 09:58:19,Cafeteria,82125,196841.8,82125.0,100.0,41.72,100.0,80
2026-05-30 09:58:49,Main Gate,163885,169788.5,95769.7,58.44,56.41,58.44,80
2026-05-30 09:58:49,Hostel Block,140606,130441.9,98322.9,69.93,75.38,69.93,80
2026-05-30 09:58:49,Cafeteria,82125,197575.2,82125.0,100.0,41.57,100.0,80
2026-05-30 09:59:19,Main Gate,163885,142715.0,74458.3,45.43,52.17,45.43,80
2026-05-30 09:59:19,Hostel Block,140606,190731.2,117481.9,83.55,61.6,83.55,80
2026-05-30 09:59:19,Cafeteria,82125,197194.9,82125.0,100.0,41.65,100.0,80
2026-05-30 09:59:49,Main Gate,163885,165630.6,88301.3,53.88,53.31,53.88,80
2026-05-30 09:59:49,Hostel Block,140606,189776.6,96157.9,68.39,50.67,68.39,80
2026-05-30 09:59:49,Cafeteria,82125,196440.8,82125.0,100.0,41.81,100.0,80
2026-05-30 10:00:19,Main Gate,163885,133299.1,63751.5,38.9,47.83,38.9,80
2026-05-30 10:00:19,Hostel Block,140606,179879.8,89097.5,63.37,49.53,63.37,80
2026-05-30 10:00:19,Cafeteria,82125,297592.4,143011.7,100.0,48.06,100.0,80
2026-05-30 10:00:49,Main Gate,163885,141023.4,75829.7,46.27,53.77,46.27,80
2026-05-30 10:00:49,Hostel Block,140606,143394.9,103251.0,73.43,72.0,73.43,80
2026-05-30 10:00:49,Cafeteria,82125,195780.3,82125.0,100.0,41.95,100.0,80
2026-05-30 10:01:19,Main Gate,163885,170397.0,90663.4,55.32,53.21,55.32,80
2026-05-30 10:01:19,Hostel Block,140606,154997.1,96717.7,68.79,62.4,68.79,80
2026-05-30 10:01:19,Cafeteria,82125,131761.9,66389.5,80.84,50.39,80.84,80
2026-05-30 10:01:49,Main Gate,163885,418082.2,238331.6,100.0,57.01,100.0,80
2026-05-30 10:01:49,Hostel Block,140606,200890.6,105520.9,75.05,52.53,75.05,80
2026-05-30 10:01:49,Cafeteria,82125,197143.7,82125.0,100.0,41.66,100.0,80
2026-05-30 10:02:19,Main Gate,163885,107553.6,40067.3,24.45,37.25,24.45,80
2026-05-30 10:02:19,Hostel Block,140606,375401.2,181279.8,100.0,48.29,100.0,80
2026-05-30 10:02:19,Cafeteria,82125,198470.9,82125.0,100.0,41.38,100.0,80
2026-05-30 10:02:49,Main Gate,163885,140668.0,90208.4,55.04,64.13,55.04,80
2026-05-30 10:02:49,Hostel Block,140606,230795.9,161807.9,100.0,70.11,100.0,80
2026-05-30 10:02:49,Cafeteria,82125,196663.6,82125.0,100.0,41.76,100.0,80
2026-05-30 10:03:21,Main Gate,163885,166141.0,88591.6,54.06,53.32,54.06,80
2026-05-30 10:03:21,Hostel Block,140606,193161.6,127234.0,90.49,65.87,90.49,80
2026-05-30 10:03:21,Cafeteria,82125,198465.9,82125.0,100.0,41.38,100.0,80
2026-05-30 10:03:51,Main Gate,163885,132938.1,62373.2,38.06,46.92,38.06,80
2026-05-30 10:03:51,Hostel Block,140606,204603.9,106901.9,76.03,52.25,76.03,80
2026-05-30 10:03:51,Cafeteria,82125,190054.1,82125.0,100.0,43.21,100.0,80
2026-05-30 10:04:21,Main Gate,163885,142617.6,76801.1,46.86,53.85,46.86,80
2026-05-30 10:04:21,Hostel Block,140606,200373.3,93429.3,66.45,46.63,66.45,80
2026-05-30 10:04:21,Cafeteria,82125,198341.0,82125.0,100.0,41.41,100.0,80
2026-05-30 10:04:51,Main Gate,163885,93062.1,84164.8,51.36,90.44,51.36,80
2026-05-30 10:04:51,Hostel Block,140606,174849.9,122165.1,86.88,69.87,86.88,80
2026-05-30 10:04:51,Cafeteria,82125,188966.7,82125.0,100.0,43.46,100.0,80
2026-05-30 10:05:21,Main Gate,163885,107553.6,40067.3,24.45,37.25,24.45,80
2026-05-30 10:05:21,Hostel Block,140606,210886.9,136184.1,96.86,64.58,96.86,80
2026-05-30 10:05:21,Cafeteria,82125,198243.8,82125.0,100.0,41.43,100.0,80
2026-05-30 10:05:51,Main Gate,163885,385407.1,211677.5,100.0,54.92,100.0,80
2026-05-30 10:05:51,Hostel Block,140606,199552.6,104487.5,74.31,52.36,74.31,80
2026-05-30 10:05:51,Cafeteria,82125,184657.3,82125.0,100.0,44.47,100.0,80
2026-05-30 10:06:21,Main Gate,163885,165316.4,88570.5,54.04,53.58,54.04,80
2026-05-30 10:06:21,Hostel Block,140606,197066.8,92524.6,65.8,46.95,65.8,80
2026-05-30 10:06:21,Cafeteria,82125,197989.4,82125.0,100.0,41.48,100.0,80
2026-05-30 10:06:51,Main Gate,163885,373446.0,187129.7,100.0,50.11,100.0,80
2026-05-30 10:06:51,Hostel Block,140606,217815.0,137095.5,97.5,62.94,97.5,80
2026-05-30 10:06:51,Cafeteria,82125,187772.0,82125.0,100.0,43.74,100.0,80
2026-05-30 10:07:21,Main Gate,163885,139809.5,73603.4,44.91,52.65,44.91,80
2026-05-30 10:07:21,Hostel Block,140606,161099.9,85420.2,60.75,53.02,60.75,80
2026-05-30 10:07:21,Cafeteria,82125,198004.7,82125.0,100.0,41.48,100.0,80
2026-05-30 10:07:51,Main Gate,163885,167652.6,89098.6,54.37,53.14,54.37,80
2026-05-30 10:07:51,Hostel Block,140606,196085.8,92000.2,65.43,46.92,65.43,80
2026-05-30 10:07:51,Cafeteria,82125,144834.3,75314.5,91.71,52.0,91.71,80
2026-05-30 10:08:21,Main Gate,163885,345836.7,189889.3,100.0,54.91,100.0,80
2026-05-30 10:08:21,Hostel Block,140606,172174.2,118115.9,84.0,68.6,84.0,80
2026-05-30 10:08:21,Cafeteria,82125,198507.5,82125.0,100.0,41.37,100.0,80
2026-05-30 10:08:51,Main Gate,163885,130357.7,65389.8,39.9,50.16,39.9,80
2026-05-30 10:08:51,Hostel Block,140606,193161.6,127234.0,90.49,65.87,90.49,80
2026-05-30 10:08:51,Cafeteria,82125,157581.1,82125.0,100.0,52.12,100.0,80
2026-05-30 10:09:21,Main Gate,163885,173943.5,93115.5,56.82,53.53,56.82,80
2026-05-30 10:09:21,Hostel Block,140606,204603.9,106901.9,76.03,52.25,76.03,80
2026-05-30 10:09:21,Cafeteria,82125,198287.3,82125.0,100.0,41.42,100.0,80
2026-05-30 10:09:51,Main Gate,163885,328173.0,138577.9,84.56,42.23,84.56,80
2026-05-30 10:09:51,Hostel Block,140606,196621.5,91456.4,65.04,46.51,65.04,80
2026-05-30 10:09:51,Cafeteria,82125,304633.3,144298.6,100.0,47.37,100.0,80
2026-05-30 10:10:21,Main Gate,163885,143246.8,69368.7,42.33,48.43,42.33,80
2026-05-30 10:10:21,Hostel Block,140606,172031.8,117208.2,83.36,68.13,83.36,80
2026-05-30 10:10:21,Cafeteria,82125,197431.3,82125.0,100.0,41.6,100.0,80
2026-05-30 10:10:51,Main Gate,163885,119991.2,93179.1,56.86,77.65,56.86,80
2026-05-30 10:10:51,Hostel Block,140606,197835.4,129041.1,91.77,65.23,91.77,80
2026-05-30 10:10:51,Cafeteria,82125,198732.4,82125.0,100.0,41.32,100.0,80
2026-05-30 10:11:21,Main Gate,163885,166186.8,88714.1,54.13,53.38,54.13,80
2026-05-30 10:11:21,Hostel Block,140606,204603.9,106901.9,76.03,52.25,76.03,80
2026-05-30 10:11:21,Cafeteria,82125,198179.5,82125.0,100.0,41.44,100.0,80
